,song_name,song_id,album,release_date,energy,acousticness,valence,popularity,genres,Billboard Hot 100,Debut Date,Peak Pos.,Peak Date,Wks on Chart
0,lavender haze,5jQI2r1RdgtuT8S3iG8zFC,Midnights,2022-10-21,0.436,0.258,0.0976,89,"['pop', 'electronic', 'dream pop', 'synthpop', 'electropop']",lavender haze,11.05.22,2.0,11.05.22,9.0
1,maroon,3eX0NZfLtGzoLUxPNvRfqm,Midnights,2022-10-21,0.398,0.0573,0.0374,86,"['shoegaze', 'pop', 'dream pop', 'synthpop', 'chillwave']",maroon,11.05.22,3.0,11.05.22,7.0
2,anti-hero,0V3wPSX9ygBnCm8psDIegu,Midnights,2022-10-21,0.643,0.13,0.533,96,"['pop', 'synthpop', 'pop rock']",anti-hero,11.05.22,1.0,11.05.22,9.0
3,snow on the beach,1wtOxkiel43cVs0Yux5Q4h,Midnights,2022-10-21,0.319,0.69,0.193,87,"['dream pop', 'pop', 'synthpop', 'electronic']",snow on the beach,11.05.22,4.0,11.05.22,6.0
4,"you're on your own, kid",4D7BCuvgdJlYvlX5WlN54t,Midnights,2022-10-21,0.396,0.401,0.38,86,"['pop', 'dream pop', 'synthpop', 'electronic', 'electronica']","you're on your own, kid",11.05.22,8.0,11.05.22,6.0
5,midnight rain,3rWDp9tBPQR9z6U5YyRSK4,Midnights,2022-10-21,0.363,0.69,0.23,88,"['pop', 'synthpop', 'electropop', 'electronic']",midnight rain,11.05.22,5.0,11.05.22,7.0
6,question...?,0heeNYlwOGuUSe7TgUD27B,Midnights,2022-10-21,0.502,0.2,0.106,82,"['pop', 'electronic', 'dream pop', 'synthpop']",question...?,11.05.22,7.0,11.05.22,5.0
7,vigilante shit,1xwAWUI6Dj0WGC3KiUPN0O,Midnights,2022-10-21,0.277,0.173,0.163,83,"['dark pop', 'electronic', 'pop', 'synthpop', 'electropop']",vigilante shit,11.05.22,10.0,11.05.22,6.0
8,bejeweled,3qoftcUZaUOncvIYjFSPdE,Midnights,2022-10-21,0.559,0.0618,0.433,85,"['pop', 'electronic']",bejeweled,11.05.22,6.0,11.05.22,7.0
9,labyrinth,0A1JLUlkZkp2EFrosoNQi0,Midnights,2022-10-21,0.306,0.785,0.122,80,"['pop', 'dream pop', 'synthpop']",labyrinth,11.05.22,14.0,11.05.22,5.0
10,karma,7KokYm8cMIXCsGVmUvKtqf,Midnights,2022-10-21,0.62,0.0734,0.0969,85,"['synthpop', 'pop', 'electronic', 'electronica']",karma,11.05.22,9.0,11.05.22,6.0
11,sweet nothing,0wavGRldH0AWyu2zvTz8zb,Midnights,2022-10-21,0.156,0.964,0.39,80,"['pop', 'electronic']",sweet nothing,11.05.22,15.0,11.05.22,5.0
12,mastermind,7FmYn9e7KHMXcxqGSj9LjH,Midnights,2022-10-21,0.357,0.553,0.124,81,"['pop', 'electronic', 'synthpop']",mastermind,11.05.22,13.0,11.05.22,5.0
13,willow,0lx2cLdOt3piJbcaXIV74f,evermore,2020-12-11,0.574,0.833,0.529,77,"['folk', 'alternative', 'indie folk', 'folk pop', 'indie']",willow,12.26.20,1.0,12.26.20,20.0
14,champagne problems,0sY6ZUTh4yoctD8VIXz339,evermore,2020-12-11,0.24,0.92,0.32,78,"['indie', 'alternative', 'folk', 'indie pop']",champagne problems,12.26.20,21.0,12.26.20,2.0
15,gold rush,5BK0uqwY9DNfZ630STAEaq,evermore,2020-12-11,0.462,0.83,0.353,70,"['indie', 'alternative', 'folk', 'chamber pop', 'pop', 'indie pop']",gold rush,12.26.20,40.0,12.26.20,1.0
16,‘tis the damn season,7dW84mWkdWE5a6lFWxJCBG,evermore,2020-12-11,0.434,0.735,0.348,67,"['folk', 'chamber pop', 'indie', 'pop', 'rock', 'alternative']",,,,,
17,tolerate it,0PurA4JVJ8YQgSVopY8fn6,evermore,2020-12-11,0.361,0.878,0.221,69,"['indie', 'alternative', 'folk', 'indie pop', 'sad']",tolerate it,12.26.20,45.0,12.26.20,1.0
18,"no body, no crime",3RaT22zZsxVYxxKR7TAaYF,evermore,2020-12-11,0.613,0.418,0.535,67,"['country', 'country rock', 'pop', 'rock']","no body, no crime",12.26.20,34.0,12.26.20,2.0
19,happiness,73YUReisjb3A9ActdLLjJQ,evermore,2020-12-11,0.334,0.87,0.211,65,"['alternative', 'folk', 'indie', 'chamber pop', 'pop']",happiness,12.26.20,52.0,12.26.20,1.0
20,dorothea,670fUmXf4KQekzbEgaXyPA,evermore,2020-12-11,0.488,0.696,0.354,64,"['folk', 'alternative', 'indie', 'folk pop']",dorothea,12.26.20,67.0,12.26.20,1.0
21,coney island,3k7ne7VmH43ZPWxPdvPUgR,evermore,2020-12-11,0.537,0.819,0.292,65,"['folk', 'alternative', 'chamber pop', 'folk pop', 'indie', 'pop']",coney island,12.26.20,63.0,12.26.20,1.0
22,ivy,19CSr8rwW05VJL2F91KFNK,evermore,2020-12-11,0.545,0.855,0.535,68,"['folk', 'indie', 'alternative', 'folk pop']",ivy,12.26.20,61.0,12.26.20,1.0
23,cowboy like me,1XjHRolIXL2M1EEOUsGGR4,evermore,2020-12-11,0.517,0.768,0.511,65,"['country', 'folk', 'alternative', 'indie pop']",cowboy like me,12.26.20,71.0,12.26.20,1.0
24,long story short,2o2sgVJIgFXk8GQjWTgI6U,evermore,2020-12-11,0.73,0.66,0.573,64,"['folk', 'indie pop', 'alternative', 'electropop', 'indie', 'pop']",long story short,12.26.20,68.0,12.26.20,1.0
25,marjorie,12ntTeqEeTg7GAVpe8Mhpl,evermore,2020-12-11,0.561,0.876,0.287,64,"['alternative', 'folk', 'indie folk', 'indie', 'pop']",marjorie,12.26.20,75.0,12.26.20,1.0
26,closure,35rdVq36LMHQX0Suw9a6tK,evermore,2020-12-11,0.704,0.835,0.92,62,"['hyperpop', 'alternative', 'folk', 'indie', 'pop', 'experimental']",closure,12.26.20,82.0,12.26.20,1.0
27,evermore,3O5osWf1rSoKMwe6E9ZaXP,evermore,2020-12-11,0.27,0.937,0.32,65,"['alternative', 'folk', 'pop', 'rock', 'alternative rock']",evermore,12.26.20,57.0,12.26.20,1.0
28,the 1,0Jlcvv8IykzHaSmj49uNW8,folklore,2020-07-24,0.357,0.757,0.172,76,"['folk', 'indie', 'indie pop', 'chamber pop', 'pop', 'alternative']",the 1,08.08.20,4.0,08.08.20,6.0
29,cardigan,4R2kfaDFhslZEMJqAFNpdd,folklore,2020-07-24,0.581,0.537,0.551,83,"['chamber pop', 'indie', 'folk', 'alternative', 'folk pop', 'pop']",cardigan,08.08.20,1.0,08.08.20,14.0
30,the last great american dynasty,2Eeur20xVqfUoM3Q7EFPFt,folklore,2020-07-24,0.662,0.467,0.706,69,"['folk', 'indie', 'pop', 'alternative', 'indie pop']",the last great american dynasty,08.08.20,13.0,08.08.20,2.0
31,exile,4pvb0WLRcMtbPGmtejJJ6y,folklore,2020-07-24,0.38,0.778,0.152,79,"['folk', 'alternative', 'indie folk', 'pop']",exile,08.08.20,6.0,08.08.20,5.0
32,my tears ricochet,1MgV7FIyNxIG7WzMRJV5HC,folklore,2020-07-24,0.263,0.806,0.111,75,"['folk', 'indie pop', 'pop', 'sad', 'indie', 'alternative']",my tears ricochet,08.08.20,16.0,08.08.20,2.0
33,mirrorball,0ZNU020wNYvgW84iljPkPP,folklore,2020-07-24,0.413,0.687,0.379,75,"['dream pop', 'folk', 'pop', 'alternative', 'indie', 'indie pop']",mirrorball,08.08.20,26.0,08.08.20,2.0
34,seven,6KJqZcs9XDgVck7Lg9QOTC,folklore,2020-07-24,0.488,0.9,0.415,70,"['folk', 'indie pop', 'indie', 'alternative', 'indie folk', 'pop']",seven,08.08.20,35.0,08.08.20,2.0
35,august,3hUxzQpSfdDqwM3ZTFQY0K,folklore,2020-07-24,0.623,0.538,0.403,83,"['indie', 'folk', 'indie pop', 'dream pop', 'pop', 'alternative']",august,08.08.20,23.0,08.08.20,2.0
36,this is me trying,7kt9e9LFSpN1zQtYEl19o1,folklore,2020-07-24,0.476,0.314,0.412,74,"['folk', 'chamber pop', 'indie', 'pop', 'alternative', 'indie pop']",this is me trying,08.08.20,39.0,08.08.20,1.0
37,illicit affairs,2NmsngXHeC1GQ9wWrzhOMf,folklore,2020-07-24,0.31,0.881,0.46,72,"['folk', 'indie', 'pop', 'alternative', 'indie pop']",illicit affairs,08.08.20,44.0,08.08.20,1.0
38,invisible string,6VsvKPJ4xjVNKpI8VVZ3SV,folklore,2020-07-24,0.452,0.838,0.45,71,"['folk', 'indie', 'pop', 'country', 'alternative', 'indie pop']",invisible string,08.08.20,37.0,08.08.20,2.0
39,mad woman,2QDyYdZyhlP2fp79KZX8Bi,folklore,2020-07-24,0.699,0.655,0.506,66,"['folk', 'indie', 'pop', 'alternative', 'indie pop']",mad woman,08.08.20,47.0,08.08.20,1.0
40,epiphany,08fa9LFcFBTcilB3iq2e2A,folklore,2020-07-24,0.267,0.731,0.113,65,"['folk', 'chamber pop', 'indie', 'pop', 'alternative', 'ambient']",epiphany,08.08.20,57.0,08.08.20,1.0
41,betty,5kI4eCXXzyuIUXjQra0Cxi,folklore,2020-07-24,0.377,0.6,0.502,70,"['folk', 'folk pop', 'country', 'americana']",betty,08.08.20,42.0,08.08.20,2.0
42,peace,7MbT4I8qGntX4fMdqMQgke,folklore,2020-07-24,0.272,0.918,0.339,66,"['folk', 'indie', 'heavy metal', 'pop', 'alternative', 'indie pop']",peace,08.08.20,58.0,08.08.20,1.0
43,hoax,6MWoRt97mnSTXZhu3ggi9C,folklore,2020-07-24,0.181,0.966,0.429,66,"['folk', 'indie pop', 'indie', 'alternative', 'pop', 'sad']",hoax,08.08.20,71.0,08.08.20,1.0
44,i forgot that you existed,43rA71bccXFGD4C8GOpIlN,Lover,2019-08-23,0.316,0.298,0.541,71,"['pop', 'electropop', 'synthpop', 'electronic']",i forgot that you existed,09.07.19,28.0,09.07.19,2.0
45,cruel summer,1BxfuPKGuaTgP7aM0Bbdwr,Lover,2019-08-23,0.702,0.117,0.564,83,"['pop', 'synthpop', 'electropop', 'industrial pop', 'synthwave']",cruel summer,09.07.19,29.0,09.07.19,2.0
46,lover,1dGr1c8CrMLDpV6mPbImSI,Lover,2019-08-23,0.543,0.492,0.453,84,"['pop', 'country', 'country pop', 'folk pop']",lover,08.31.19,10.0,09.07.19,22.0
47,the man,3RauEVgRgj1IuWdJ9fDs70,Lover,2019-08-23,0.658,0.0767,0.633,78,"['pop', 'electropop', 'synthpop']",the man,09.07.19,23.0,09.07.19,8.0
48,the archer,3pHkh7d0lzM2AldUtz2x37,Lover,2019-08-23,0.574,0.12,0.166,71,"['pop', 'synthpop', 'ambient pop', 'dream pop', 'lover']",the archer,08.03.19,38.0,09.07.19,3.0
49,i think he knows,2YWtcWi3a83pdEg3Gif4Pd,Lover,2019-08-23,0.366,0.00889,0.416,72,"['pop', 'synthpop', 'electropop']",i think he knows,09.07.19,51.0,09.07.19,1.0
50,miss americana & the heartbreak prince,214nt20w5wOxJnY462klLw,Lover,2019-08-23,0.747,0.028,0.487,71,"['pop', 'electropop', 'synthpop']",miss americana & the heartbreak prince,09.07.19,49.0,09.07.19,1.0
51,paper rings,4y5bvROuBDPr5fuwXbIBZR,Lover,2019-08-23,0.719,0.0129,0.865,81,"['pop', 'electropop', 'indie pop', 'pop rock', 'synthpop']",paper rings,09.07.19,45.0,09.07.19,1.0
52,cornelia street,12M5uqx0ZuwkpLp5rJim1a,Lover,2019-08-23,0.624,0.781,0.248,73,"['pop', 'synthpop', 'electropop']",cornelia street,09.07.19,57.0,09.07.19,1.0
53,death by a thousand cuts,2dgFqt3w9xIQRjhPtwNk3D,Lover,2019-08-23,0.732,0.454,0.313,73,"['pop', 'electropop', 'synthpop', 'lover']",death by a thousand cuts,09.07.19,67.0,09.07.19,1.0
54,london boy,1LLXZFeAHK9R4xUramtUKw,Lover,2019-08-23,0.71,0.0246,0.557,74,"['pop', 'synthpop', 'electropop']",london boy,09.07.19,62.0,09.07.19,1.0
55,soon you'll get better,4AYtqFyFbX0Xkc2wtcygTr,Lover,2019-08-23,0.182,0.907,0.421,66,"['indie', 'pop', 'country', 'sad', 'country pop']",soon you'll get better,09.07.19,63.0,09.07.19,1.0
56,false god,5hQSXkFgbxjZo9uCwd11so,Lover,2019-08-23,0.32,0.736,0.351,71,"['pop', 'synthpop', 'saxophone']",false god,09.07.19,77.0,09.07.19,1.0
57,you need to calm down,6RRNNciQGZEXnqk8SQ9yv5,Lover,2019-08-23,0.671,0.00929,0.714,76,"['pop', 'synthpop', 'electropop']",you need to calm down,06.29.19,2.0,06.29.19,21.0
58,afterglow,1SymEzIT3H8UZfibCs3TYi,Lover,2019-08-23,0.449,0.13,0.399,77,"['pop', 'synthpop', 'electropop', 'lover']",afterglow,09.07.19,75.0,09.07.19,1.0
59,me!,2Rk4JlNc2TPmZe2af99d45,Lover,2019-08-23,0.83,0.033,0.728,76,"['pop', 'bubblegum pop', 'pop rock']",me!,05.04.19,2.0,05.11.19,20.0
60,it's nice to have a friend,1SmiQ65iSAbPto6gPFlBYm,Lover,2019-08-23,0.175,0.971,0.545,67,"['pop', 'electronic', 'electropop', 'indie pop']",it's nice to have a friend,09.07.19,92.0,09.07.19,1.0
61,daylight,1fzAuUVbzlhZ1lJAx9PtY6,Lover,2019-08-23,0.496,0.808,0.265,74,"['pop', 'synthpop', 'electronic', 'electropop']",daylight,09.07.19,89.0,09.07.19,1.0
62,...ready for it?,2yLa0QULdQr0qAIvVwN6B5,reputation,2017-11-10,0.764,0.0527,0.417,75,"['pop', 'electropop', 'hip hop', 'rap']",...ready for it?,09.23.17,4.0,09.23.17,20.0
63,end game,2x0WlnmfG39ZuDmstl9xfX,reputation,2017-11-10,0.589,0.00845,0.151,73,"['pop', 'future', 'rap', 'trap']",end game,12.09.17,18.0,01.27.18,14.0
64,i did something bad,4svZDCRz4cJoneBpjpx8DJ,reputation,2017-11-10,0.602,0.0679,0.305,75,"['pop', 'dubstep', 'electropop', 'electronic']",,,,,
65,don't blame me,1R0a2iXumgCiFb7HEZ7gUE,reputation,2017-11-10,0.534,0.106,0.193,87,"['pop', 'electropop', 'soul']",,,,,
66,delicate,6NFyWDv5CjfwuzoCkw47Xf,reputation,2017-11-10,0.404,0.216,0.0499,78,"['pop', 'electropop', 'tropical house', 'synthpop']",delicate,03.24.18,12.0,07.28.18,35.0
67,look what you made me do,1P17dC1amhFzptugyAO7Il,reputation,2017-11-10,0.709,0.204,0.506,78,"['pop', 'electropop', 'dance']",look what you made me do,09.09.17,1.0,09.16.17,20.0
68,so it goes...,5PxFv9yJEg9dxvbZggykro,reputation,2017-11-10,0.61,0.122,0.374,68,"['pop', 'electronic', 'electropop']",,,,,
69,gorgeous,1ZY1PqizIl78geGM4xWlEA,reputation,2017-11-10,0.535,0.0713,0.451,78,"['pop', 'electropop', 'electronic']",gorgeous,11.11.17,13.0,11.11.17,4.0
70,getaway car,0VE4kBnHJUgtMf0dy6DRmW,reputation,2017-11-10,0.689,0.00465,0.351,79,"['pop', 'synthpop', 'electropop']",,,,,
71,king of my heart,7HuBDWi18s4aJM8UFnNheH,reputation,2017-11-10,0.703,0.00882,0.314,72,"['pop', 'dance', 'electronic', 'electropop']",,,,,
72,dancing with our hands tied,7I7JbDv63ZJJsSi24DyJrz,reputation,2017-11-10,0.691,0.0604,0.284,71,"['pop', 'electropop', 'electronic', 'dance']",,,,,
73,dress,6oVxXO5oQ4pTpO8RSnkzvv,reputation,2017-11-10,0.469,0.0329,0.0851,74,['pop'],,,,,
74,this is why we can't have nice things,07NxDD1iKCHbAldceD7QLP,reputation,2017-11-10,0.789,0.0156,0.438,71,"['electropop', 'pop', 'hino', 'electronic', 'dance']",,,,,
75,call it what you want,1GwMQaZz6Au3QLDbjbMdme,reputation,2017-11-10,0.504,0.186,0.252,73,"['pop', 'electropop', 'synthpop']",call it what you want,11.25.17,27.0,11.25.17,2.0
76,new year's day,7F5oktn5YOsR9eR5YsFtqb,reputation,2017-11-10,0.151,0.921,0.23,70,"['pop', 'acoustic', 'electronic', 'electropop']",,,,,
77,welcome to new york,6qnM0XXPZOINWA778uNqQ9,1989,2014-10-27,0.634,0.038,0.615,62,"['pop', 'synthpop', 'electropop']",welcome to new york,11.08.14,48.0,11.08.14,2.0
78,blank space,1p80LdxRV74UKvL8gnD7ky,1989,2014-10-27,0.678,0.085,0.583,76,['pop'],blank space,11.15.14,1.0,11.29.14,36.0
79,style,4lIxdJw6W3Fg4vUIYCB0S5,1989,2014-10-27,0.786,0.00253,0.456,74,"['pop', 'synthpop']",style,11.15.14,6.0,03.21.15,32.0
80,out of the woods,5OndtwLGA9O6XHFcGm2H7r,1989,2014-10-27,0.842,0.00103,0.343,64,"['pop', 'synthpop']",out of the woods,11.01.14,18.0,11.01.14,10.0
81,all you had to do was stay,0dAb8TY433dl3ZfXYCLE19,1989,2014-10-27,0.736,0.00196,0.471,63,"['pop', 'synthpop']",,,,,
82,shake it off,5xTtaWoae3wi06K5WfVUUH,1989,2014-10-27,0.785,0.0561,0.943,73,"['pop', 'dance']",shake it off,09.06.14,1.0,09.06.14,50.0
83,i wish you would,3wmN11qXGL0HyPojvEE1D9,1989,2014-10-27,0.898,0.016,0.502,63,"['pop', 'synthpop']",,,,,
84,bad blood,273dCMFseLcVsoSWx59IoE,1989,2014-10-27,0.802,0.0871,0.295,68,"['pop', 'synthpop']",bad blood,11.15.14,1.0,06.06.15,25.0
85,wildest dreams,59HjlYCeBsxdI0fcm3zglw,1989,2014-10-27,0.666,0.0702,0.472,73,"['pop', 'synthpop', 'dream pop']",wildest dreams,11.15.14,5.0,11.07.15,27.0
86,wildest dreams,59HjlYCeBsxdI0fcm3zglw,1989,2014-10-27,0.666,0.0702,0.472,73,"['pop', 'synthpop', 'dream pop']",wildest dreams,10.02.21,37.0,10.02.21,1.0
87,how you get the girl,4dYUOfmWna6DFccnz732n8,1989,2014-10-27,0.66,0.00461,0.524,63,"['pop', 'synthpop']",,,,,
88,this love,3oKMl2tJv4fdidkXUYMI5x,1989,2014-10-27,0.459,0.635,0.0828,56,"['pop', 'synthpop']",this love,05.21.22,50.0,05.21.22,1.0
89,i know places,3jBMHD19RZdAqG9iFQh7xc,1989,2014-10-27,0.763,0.231,0.507,60,"['pop', 'synthpop']",,,,,
90,clean,06WgOCf0LV2h4keYXDRnuh,1989,2014-10-27,0.379,0.241,0.22,65,"['pop', 'synthpop', 'world']",,,,,
91,state of grace,786NsUYn4GGUf8AOt0SQhP,Red,2012-10-22,0.825,0.000197,0.397,68,"['pop', 'alternative rock', 'country', 'epic', 'rock']",state of grace,11.27.21,18.0,11.27.21,2.0
92,state of grace,786NsUYn4GGUf8AOt0SQhP,Red,2012-10-22,0.825,0.000197,0.397,68,"['pop', 'alternative rock', 'country', 'epic', 'rock']",state of grace,11.03.12,13.0,11.03.12,1.0
93,red,0cITLOYn1Sv4q27zZPqlNK,Red,2012-10-22,0.896,0.0773,0.641,75,"['country', 'pop', 'country pop']",red,10.20.12,6.0,10.20.12,22.0
94,red,0cITLOYn1Sv4q27zZPqlNK,Red,2012-10-22,0.896,0.0773,0.641,75,"['country', 'pop', 'country pop']",red,11.27.21,25.0,11.27.21,2.0
95,treacherous,5kYFVSQoPu7yRpfiHBwMUk,Red,2012-10-22,0.621,0.101,0.395,68,"['country', 'pop', 'country pop']",treacherous,11.27.21,54.0,11.27.21,1.0
96,i knew you were trouble.,72jCZdH0Lhg93z6Z4hBjgj,Red,2012-10-22,0.469,0.00454,0.679,77,"['pop', 'dubstep', 'country']",i knew you were trouble.,10.27.12,2.0,01.12.13,36.0
97,all too well,4XMP3zVxrnr58T0tjIHvpR,Red,2012-10-22,0.609,0.0382,0.337,83,"['pop', 'country', 'epic', 'sad']",all too well,11.27.21,1.0,11.27.21,15.0
98,all too well,4XMP3zVxrnr58T0tjIHvpR,Red,2012-10-22,0.609,0.0382,0.337,83,"['pop', 'country', 'epic', 'sad']",all too well,11.10.12,80.0,11.10.12,1.0
99,22,2ULNeSomDxVNmdDy8VxEBU,Red,2012-10-22,0.729,0.00215,0.668,71,"['pop', 'country']",22,11.10.12,20.0,05.11.13,20.0
100,22,2ULNeSomDxVNmdDy8VxEBU,Red,2012-10-22,0.729,0.00215,0.668,71,"['pop', 'country']",22,11.27.21,52.0,11.27.21,1.0
101,i almost do,5VwFkx7JOimOGTYfha5rs1,Red,2012-10-22,0.481,0.0173,0.233,67,"['country', 'pop', 'red']",i almost do,11.10.12,65.0,11.10.12,1.0
102,i almost do,5VwFkx7JOimOGTYfha5rs1,Red,2012-10-22,0.481,0.0173,0.233,67,"['country', 'pop', 'red']",i almost do,11.27.21,59.0,11.27.21,1.0
103,we are never ever getting back together,7AEAGTc8cReDqcbPoY9gwo,Red,2012-10-22,0.676,0.00957,0.75,75,"['pop', 'country', 'country pop', 'red']",we are never ever getting back together,08.25.12,1.0,09.01.12,24.0
104,we are never ever getting back together,7AEAGTc8cReDqcbPoY9gwo,Red,2012-10-22,0.676,0.00957,0.75,75,"['pop', 'country', 'country pop', 'red']",we are never ever getting back together,11.27.21,55.0,11.27.21,1.0
105,stay stay stay,1qLeEu4iXEclkLwoBlMiou,Red,2012-10-22,0.748,0.307,0.928,66,"['country', 'pop', 'country pop']",stay stay stay,11.10.12,91.0,11.10.12,1.0
106,stay stay stay,1qLeEu4iXEclkLwoBlMiou,Red,2012-10-22,0.748,0.307,0.928,66,"['country', 'pop', 'country pop']",stay stay stay,11.27.21,67.0,11.27.21,1.0
107,the last time,3n9mzjgAzjyKawvbHzciXF,Red,2012-10-22,0.443,0.035,0.123,68,"['pop', 'piano', 'alternative rock']",the last time,11.27.21,66.0,11.27.21,1.0
108,holy ground,1fGsZsIkQkOspfsT24nQP6,Red,2012-10-22,0.816,0.0162,0.648,65,"['country', 'pop', 'country rock', 'country pop']",holy ground,11.27.21,76.0,11.27.21,1.0
109,sad beautiful tragic,6LKjHhOW1az75pCQ9XJJtF,Red,2012-10-22,0.34,0.632,0.261,68,"['country', 'pop', 'sad', 'country pop']",sad beautiful tragic,11.27.21,85.0,11.27.21,1.0
110,the lucky one,2X2J0BhxaLTmnxO4pPUhSd,Red,2012-10-22,0.499,0.0371,0.545,66,"['country', 'pop', 'country pop']",the lucky one,11.27.21,84.0,11.27.21,1.0
111,everything has changed,4NAmRvqSITAAzKWnC8yRq3,Red,2012-10-22,0.458,0.36,0.436,71,"['pop', 'acoustic']",everything has changed,11.10.12,32.0,10.26.13,20.0
112,everything has changed,4NAmRvqSITAAzKWnC8yRq3,Red,2012-10-22,0.458,0.36,0.436,71,"['pop', 'acoustic']",everything has changed,11.27.21,63.0,11.27.21,1.0
113,starlight,7MecVsMj22MneZt7kVFaCr,Red,2012-10-22,0.777,0.0213,0.587,64,"['country', 'pop', 'red', 'country pop']",starlight,11.27.21,90.0,11.27.21,1.0
114,begin again,0L4YCNRfXAoTvdpWeH2RGj,Red,2012-10-22,0.526,0.199,0.323,68,"['country', 'pop']",begin again,10.13.12,7.0,10.13.12,20.0
115,begin again,0L4YCNRfXAoTvdpWeH2RGj,Red,2012-10-22,0.526,0.199,0.323,68,"['country', 'pop']",begin again,11.27.21,77.0,11.27.21,1.0
116,mine,0dBW6ZsW8skfvoRfgeerBF,Speak Now,2010-10-25,0.757,0.00265,0.658,65,"['country', 'pop', 'country pop']",mine,08.21.10,3.0,08.21.10,23.0
117,sparks fly,6d9IiDcFxtFVIvt9pCqyGH,Speak Now,2010-10-25,0.787,0.0396,0.374,64,"['country', 'pop', 'country pop']",sparks fly,11.13.10,17.0,11.13.10,20.0
118,back to december,3DrjZArsPsoqbLzUZZV1Id,Speak Now,2010-10-25,0.67,0.117,0.286,69,"['country', 'pop', 'country pop']",back to december,10.30.10,6.0,10.30.10,20.0
119,speak now,24DefNCFiWTP8OjYWiXuYe,Speak Now,2010-10-25,0.599,0.095,0.735,61,"['country', 'pop', 'country pop']",speak now,10.23.10,8.0,10.23.10,3.0
120,dear john,7hZuICN5eaCuQyp443RCt6,Speak Now,2010-10-25,0.47,0.166,0.102,61,"['country', 'pop', 'country pop']",dear john,11.13.10,54.0,11.13.10,1.0
121,mean,5yEPktRqvIhko5QFF3aBhQ,Speak Now,2010-10-25,0.761,0.452,0.789,65,"['country', 'pop', 'country pop']",mean,11.06.10,11.0,11.06.10,20.0
122,the story of us,3RBluWmSoG2pGA1OePzGJI,Speak Now,2010-10-25,0.818,0.00478,0.683,63,"['pop', 'country', 'country pop', 'pop rock']",the story of us,11.13.10,41.0,11.13.10,12.0
123,never grow up,1wJL1A0QUHJPf2cm7tsrdw,Speak Now,2010-10-25,0.305,0.819,0.554,57,"['country', 'pop', 'country pop']",never grow up,11.13.10,84.0,11.13.10,1.0
124,enchanted,10eBRyImhfqVvkiVEGf0N0,Speak Now,2010-10-25,0.623,0.0739,0.208,74,"['country', 'pop', 'country pop']",enchanted,11.13.10,75.0,11.13.10,1.0
125,better than revenge,2ythurkTtSiyfK7GprJoFW,Speak Now,2010-10-25,0.917,0.0139,0.635,64,"['country', 'pop', 'rock', 'pop rock']",better than revenge,11.13.10,56.0,11.13.10,1.0
126,innocent,5GPwN5iZ9ZMSXAkppj4Uvv,Speak Now,2010-10-25,0.608,0.186,0.17,54,"['country', 'pop', 'country pop']",innocent,11.13.10,27.0,11.13.10,1.0
127,haunted,28M2gifMU282QBM3fKajIS,Speak Now,2010-10-25,0.95,0.0826,0.352,60,"['country', 'pop', 'country pop']",haunted,11.13.10,63.0,11.13.10,2.0
128,last kiss,4h0EXpatqJImv4VRgvX6po,Speak Now,2010-10-25,0.341,0.57,0.196,60,"['country', 'pop', 'sad']",last kiss,11.13.10,71.0,11.13.10,1.0
129,long live,6XDBA3QWX51lDJ0oZbaJJN,Speak Now,2010-10-25,0.68,0.036,0.142,57,"['country', 'pop', 'country pop']",long live,11.13.10,85.0,11.13.10,1.0
130,fearless,6Eu31gddWw0gOGO506pJYA,Fearless,2008-11-11,0.712,0.04,0.476,70,"['country', 'pop', 'country pop']",fearless,11.01.08,9.0,11.01.08,15.0
131,fearless,6Eu31gddWw0gOGO506pJYA,Fearless,2008-11-11,0.712,0.04,0.476,70,"['country', 'pop', 'country pop']",fearless,04.24.21,71.0,04.24.21,1.0
132,fifteen,4t0OI7XrODjSkAu3bTPmWj,Fearless,2008-11-11,0.651,0.067,0.203,67,"['country', 'pop', 'country pop']",fifteen,11.29.08,23.0,12.19.09,21.0
133,fifteen,4t0OI7XrODjSkAu3bTPmWj,Fearless,2008-11-11,0.651,0.067,0.203,67,"['country', 'pop', 'country pop']",fifteen,04.24.21,88.0,04.24.21,1.0
134,love story,1vrd6UOGamcKNGnSHJQlSt,Fearless,2008-11-11,0.741,0.17,0.296,76,"['country', 'pop', 'romantic']",love story,09.27.08,4.0,01.17.09,49.0
135,love story,1vrd6UOGamcKNGnSHJQlSt,Fearless,2008-11-11,0.741,0.17,0.296,76,"['country', 'pop', 'romantic']",love story,02.27.21,11.0,02.27.21,2.0
136,hey stephen,4WXzzCof26KJLTK5kK53dS,Fearless,2008-11-11,0.544,0.194,0.831,65,"['country', 'pop']",hey stephen,11.29.08,94.0,11.29.08,1.0
137,white horse,6wn61Fzx9XMxQmieLpoIhW,Fearless,2008-11-11,0.34,0.305,0.223,66,"['country', 'country pop', 'pop']",white horse,11.29.08,13.0,11.29.08,22.0
138,you belong with me,3GCL1PydwsLodcpv0Ll1ch,Fearless,2008-11-11,0.783,0.162,0.443,79,"['country', 'pop', 'country pop']",you belong with me,11.22.08,2.0,08.22.09,50.0
139,you belong with me,3GCL1PydwsLodcpv0Ll1ch,Fearless,2008-11-11,0.783,0.162,0.443,79,"['country', 'pop', 'country pop']",you belong with me,04.24.21,75.0,04.24.21,1.0
140,breathe,49mWEy5MgtNujgT7xU3emT,Fearless,2008-11-11,0.482,0.379,0.184,63,"['country', 'country pop', 'pop', 'sad']",breathe,11.29.08,87.0,11.29.08,1.0
141,tell me why,3rnI1UCyGJvUTVvT97VQr5,Fearless,2008-11-11,0.855,0.0571,0.51,62,"['country', 'country pop', 'pop', 'bluegrass']",,,,,
142,you're not sorry,0HmCuN0Z3OX1Qrz43FLOPL,Fearless,2008-11-11,0.452,0.146,0.276,50,"['country', 'pop', 'sad']",you're not sorry,11.15.08,11.0,11.15.08,5.0
143,the way i loved you,5P4wWhUYWM0IaVYLuZxdar,Fearless,2008-11-11,0.7,0.0408,0.398,80,"['country', 'pop', 'country pop']",the way i loved you,11.29.08,72.0,11.29.08,1.0
144,the way i loved you,5P4wWhUYWM0IaVYLuZxdar,Fearless,2008-11-11,0.7,0.0408,0.398,80,"['country', 'pop', 'country pop']",the way i loved you,04.24.21,94.0,04.24.21,1.0
145,forever & always,47HtKpfzpAt8rQjjXWotFj,Fearless,2008-11-11,0.821,0.0752,0.544,68,"['country', 'pop', 'country pop']",forever & always,11.29.08,34.0,11.14.09,3.0
146,forever & always,47HtKpfzpAt8rQjjXWotFj,Fearless,2008-11-11,0.821,0.0752,0.544,68,"['country', 'pop', 'country pop']",forever & always,04.24.21,65.0,04.24.21,1.0
147,the best day,3esA216TyLHEkNiBCeCmcg,Fearless,2008-11-11,0.434,0.647,0.396,61,"['country', 'country pop', 'pop']",,,,,
148,change,1yACRKAwlXWhXXFUSkvzhD,Fearless,2008-11-11,0.77,0.00408,0.215,71,"['country', 'pop', 'country pop']",change,08.30.08,10.0,08.30.08,3.0
149,tim mcgraw,0Om9WAB5RS09L80DyOfTNa,Taylor Swift,2006-10-24,0.491,0.575,0.425,63,"['country', 'contemporary country', 'pop']",tim mcgraw,09.23.06,40.0,01.13.07,20.0
150,picture to burn,32mVHdy0bi1XKgr0ajsBlG,Taylor Swift,2006-10-24,0.877,0.173,0.821,67,"['country', 'pop']",picture to burn,03.01.08,28.0,05.17.08,20.0
151,teardrops on my guitar,7zMcNqs55Mxer82bvZFkpg,Taylor Swift,2006-10-24,0.417,0.288,0.289,65,"['pop', 'country']",teardrops on my guitar,03.24.07,13.0,03.01.08,48.0
152,a place in this world,73OX8GdpOeGzKC6OvGSbsv,Taylor Swift,2006-10-24,0.777,0.051,0.428,54,"['country', 'country pop', 'pop']",,,,,
153,cold as you,7an1exwMnfYRcdVQm0yDev,Taylor Swift,2006-10-24,0.482,0.217,0.261,55,"['country', 'country pop', 'pop', 'sad']",,,,,
154,the outside,2QA3IixpRcKyOdG7XDzRgv,Taylor Swift,2006-10-24,0.805,0.00491,0.591,52,"['country', 'pop', 'country pop']",,,,,
155,tied together with a smile,6K0CJLVXqbGMeJSmJ4ENKK,Taylor Swift,2006-10-24,0.578,0.525,0.192,53,"['country', 'country pop', 'pop']",,,,,
156,stay beautiful,2ZoOmCSgj0ypVAmGd1ve4y,Taylor Swift,2006-10-24,0.629,0.0868,0.504,53,"['country', 'pop']",,,,,
157,should've said no,16MVSD0mGI4RMQT83Qzm69,Taylor Swift,2006-10-24,0.777,0.0103,0.472,64,"['country', 'pop']",should've said no,06.07.08,33.0,08.09.08,20.0
158,mary's song,2QrQCMel6v2JiLxqrg4p2O,Taylor Swift,2006-10-24,0.627,0.0177,0.374,55,"['country', 'pop', 'country pop']",,,,,
159,our song,15DeqWWQB4dcEWzJg15VrN,Taylor Swift,2006-10-24,0.672,0.111,0.539,70,"['country', 'pop', 'fun']",our song,10.13.07,16.0,01.19.08,36.0
160,i'm only me when i'm with you,0JIdBrXGSJXS72zjF9ss9u,Taylor Swift,2006-10-24,0.934,0.00452,0.518,56,"['country', 'pop']",,,,,
161,invisible,5OOd01o2YS1QFwdpVLds3r,Taylor Swift,2006-10-24,0.394,0.637,0.233,52,"['country', 'sad']",,,,,
162,a perfectly good heart,1spLfUJxtyVyiKKTegQ2r4,Taylor Swift,2006-10-24,0.751,0.00349,0.268,51,"['country', 'happy']",,,,,
163,teardrops on my guitar,4pJi1rVt9GNegU9kywjg4z,Taylor Swift,2006-10-24,0.753,0.0402,0.483,52,"['pop', 'rock', 'country', 'pop rock', 'soft rock', 'country pop']",teardrops on my guitar,03.24.07,13.0,03.01.08,48.0
